user_id,event_count,session_count,unique_items,user_recency
user_1,12,1,6,0.1640920686111111
user_10,13,1,10,0.1640920686111111
user_2,9,1,6,0.1640920686111111
user_3,11,1,7,0.1640920686111111
user_4,8,1,6,0.1640920686111111
user_5,10,1,9,0.1640920686111111
user_6,8,1,6,0.1640920686111111
user_7,8,1,8,0.16409251611111111
user_8,9,1,7,0.1640920686111111
user_9,12,1,9,0.1640920686111111
